"" ,"source" ,"target" ,"identical" ,"same_labels" ,"same_variables" ,"same_header_info" ,"same_dim" ,"dice_mask_brain" ,"max_diff" ,"min_diff" ,"mean_diff" ,"max_corr" ,"min_corr" ,"mean_corr"
"ds114-small/anat/sub01/anat_sub01_classify_stereolin.nii.gz" ,1.000000000000000 ,1.000000000000000 ,1.000000000000000 ,NaN ,NaN ,1.000000000000000 ,1.000000000000000 ,0.990264938793102 ,0.000000000000000 ,0.000000000000000 ,0.000000000000000 ,NaN ,NaN ,NaN
"ds114-small/anat/sub01/anat_sub01_mask_register_bold_stereolin.nii.gz" ,1.000000000000000 ,1.000000000000000 ,1.000000000000000 ,NaN ,NaN ,1.000000000000000 ,1.000000000000000 ,0.999065313865017 ,0.000000000000000 ,0.000000000000000 ,0.000000000000000 ,NaN ,NaN ,NaN
"ds114-small/anat/sub01/anat_sub01_mask_stereolin.nii.gz" ,1.000000000000000 ,1.000000000000000 ,1.000000000000000 ,NaN ,NaN ,1.000000000000000 ,1.000000000000000 ,0.998324298627446 ,0.000000000000000 ,0.000000000000000 ,0.000000000000000 ,NaN ,NaN ,NaN
"ds114-small/anat/sub01/anat_sub01_mask_stereonl.nii.gz" ,1.000000000000000 ,1.000000000000000 ,1.000000000000000 ,NaN ,NaN ,1.000000000000000 ,1.000000000000000 ,0.999968426814284 ,0.000000000000000 ,0.000000000000000 ,0.000000000000000 ,NaN ,NaN ,NaN
"ds114-small/anat/sub01/anat_sub01_nativefunc_hires.nii.gz" ,1.000000000000000 ,1.000000000000000 ,0.000000000000000 ,NaN ,NaN ,0.000000000000000 ,0.000000000000000 ,NaN ,NaN ,NaN ,NaN ,NaN ,NaN ,NaN
"ds114-small/anat/sub01/anat_sub01_nativefunc_lowres.nii.gz" ,1.000000000000000 ,1.000000000000000 ,0.000000000000000 ,NaN ,NaN ,1.000000000000000 ,1.000000000000000 ,0.980041063839946 ,61.352069854736328 ,0.000167846679688 ,2.143617630004883 ,NaN ,NaN ,NaN
"ds114-small/anat/sub01/anat_sub01_nuc_nativet1.nii.gz" ,1.000000000000000 ,1.000000000000000 ,1.000000000000000 ,NaN ,NaN ,1.000000000000000 ,1.000000000000000 ,1.000000000000000 ,5.008148193359375 ,0.000000000000000 ,0.000004040663953 ,NaN ,NaN ,NaN
"ds114-small/anat/sub01/anat_sub01_nuc_stereolin.nii.gz" ,1.000000000000000 ,1.000000000000000 ,1.000000000000000 ,NaN ,NaN ,1.000000000000000 ,1.000000000000000 ,0.999999528326360 ,0.346977233886719 ,0.000045776367188 ,0.000084123596025 ,NaN ,NaN ,NaN
"ds114-small/anat/sub01/anat_sub01_nuc_stereonl.nii.gz" ,1.000000000000000 ,1.000000000000000 ,0.000000000000000 ,NaN ,NaN ,1.000000000000000 ,1.000000000000000 ,0.992261299966432 ,53.352523803710938 ,0.000000000000000 ,0.431708097457886 ,NaN ,NaN ,NaN
"ds114-small/anat/sub01/func_sub01_mask_stem_stereo.nii.gz" ,1.000000000000000 ,1.000000000000000 ,1.000000000000000 ,NaN ,NaN ,1.000000000000000 ,1.000000000000000 ,0.994897959183674 ,0.000000000000000 ,0.000000000000000 ,0.000000000000000 ,NaN ,NaN ,NaN
"ds114-small/anat/sub01/func_sub01_mask_stereonl.nii.gz" ,1.000000000000000 ,1.000000000000000 ,1.000000000000000 ,NaN ,NaN ,1.000000000000000 ,1.000000000000000 ,0.996924176285088 ,0.000000000000000 ,0.000000000000000 ,0.000000000000000 ,NaN ,NaN ,NaN
"ds114-small/anat/sub01/func_sub01_mask_vent_stereo.nii.gz" ,1.000000000000000 ,1.000000000000000 ,1.000000000000000 ,NaN ,NaN ,1.000000000000000 ,1.000000000000000 ,0.997382198952880 ,0.000000000000000 ,0.000000000000000 ,0.000000000000000 ,NaN ,NaN ,NaN
"ds114-small/anat/sub01/func_sub01_mask_wm_stereo.nii.gz" ,1.000000000000000 ,1.000000000000000 ,1.000000000000000 ,NaN ,NaN ,1.000000000000000 ,1.000000000000000 ,0.998160637645616 ,0.000000000000000 ,0.000000000000000 ,0.000000000000000 ,NaN ,NaN ,NaN
"ds114-small/anat/sub01/func_sub01_mean_stereonl.nii.gz" ,1.000000000000000 ,1.000000000000000 ,0.000000000000000 ,NaN ,NaN ,1.000000000000000 ,1.000000000000000 ,0.996700619012305 ,476.707275390625000 ,0.000122070312500 ,9.745089530944824 ,NaN ,NaN ,NaN
"ds114-small/anat/sub01/func_sub01_std_stereonl.nii.gz" ,1.000000000000000 ,1.000000000000000 ,0.000000000000000 ,NaN ,NaN ,1.000000000000000 ,1.000000000000000 ,0.957899362777412 ,210.870407104492188 ,0.000003814697266 ,3.078900337219238 ,NaN ,NaN ,NaN
"ds114-small/anat/sub01/transf_sub01_nativefunc_to_stereolin.xfm" ,1.000000000000000 ,1.000000000000000 ,NaN ,NaN ,NaN ,NaN ,NaN ,NaN ,NaN ,NaN ,NaN ,NaN ,NaN ,NaN
"ds114-small/anat/sub01/transf_sub01_nativefunc_to_stereonl.xfm" ,1.000000000000000 ,1.000000000000000 ,NaN ,NaN ,NaN ,NaN ,NaN ,NaN ,NaN ,NaN ,NaN ,NaN ,NaN ,NaN
"ds114-small/anat/sub01/transf_sub01_nativefunc_to_stereonl_grid_0.mnc" ,1.000000000000000 ,1.000000000000000 ,0.000000000000000 ,NaN ,NaN ,1.000000000000000 ,1.000000000000000 ,0.972106055536969 ,6.947373390197754 ,0.000000357627869 ,0.043963123112917 ,NaN ,NaN ,NaN
"ds114-small/anat/sub01/transf_sub01_nativet1_to_stereolin.xfm" ,1.000000000000000 ,1.000000000000000 ,NaN ,NaN ,NaN ,NaN ,NaN ,NaN ,NaN ,NaN ,NaN ,NaN ,NaN ,NaN
"ds114-small/anat/sub01/transf_sub01_stereolin_to_stereonl.xfm" ,1.000000000000000 ,1.000000000000000 ,NaN ,NaN ,NaN ,NaN ,NaN ,NaN ,NaN ,NaN ,NaN ,NaN ,NaN ,NaN
"ds114-small/anat/sub01/transf_sub01_stereolin_to_stereonl_grid.mnc" ,1.000000000000000 ,1.000000000000000 ,0.000000000000000 ,NaN ,NaN ,1.000000000000000 ,1.000000000000000 ,0.972106055536969 ,6.947373390197754 ,0.000000357627869 ,0.043963123112917 ,NaN ,NaN ,NaN
"ds114-small/anat/sub02/anat_sub02_classify_stereolin.nii.gz" ,1.000000000000000 ,1.000000000000000 ,0.000000000000000 ,NaN ,NaN ,1.000000000000000 ,1.000000000000000 ,0.995392856397863 ,1.000000000000000 ,0.000000000000000 ,0.011367024853826 ,NaN ,NaN ,NaN
"ds114-small/anat/sub02/anat_sub02_mask_register_bold_stereolin.nii.gz" ,1.000000000000000 ,1.000000000000000 ,1.000000000000000 ,NaN ,NaN ,1.000000000000000 ,1.000000000000000 ,0.999339170524228 ,0.000000000000000 ,0.000000000000000 ,0.000000000000000 ,NaN ,NaN ,NaN
"ds114-small/anat/sub02/anat_sub02_mask_stereolin.nii.gz" ,1.000000000000000 ,1.000000000000000 ,1.000000000000000 ,NaN ,NaN ,1.000000000000000 ,1.000000000000000 ,0.998800257431204 ,0.000000000000000 ,0.000000000000000 ,0.000000000000000 ,NaN ,NaN ,NaN
"ds114-small/anat/sub02/anat_sub02_mask_stereonl.nii.gz" ,1.000000000000000 ,1.000000000000000 ,1.000000000000000 ,NaN ,NaN ,1.000000000000000 ,1.000000000000000 ,0.999961193311003 ,0.000000000000000 ,0.000000000000000 ,0.000000000000000 ,NaN ,NaN ,NaN
"ds114-small/anat/sub02/anat_sub02_nativefunc_hires.nii.gz" ,1.000000000000000 ,1.000000000000000 ,0.000000000000000 ,NaN ,NaN ,0.000000000000000 ,0.000000000000000 ,NaN ,NaN ,NaN ,NaN ,NaN ,NaN ,NaN
"ds114-small/anat/sub02/anat_sub02_nativefunc_lowres.nii.gz" ,1.000000000000000 ,1.000000000000000 ,0.000000000000000 ,NaN ,NaN ,1.000000000000000 ,1.000000000000000 ,0.936591012027578 ,131.060348510742188 ,0.000240325927734 ,7.804439544677734 ,NaN ,NaN ,NaN
"ds114-small/anat/sub02/anat_sub02_nuc_nativet1.nii.gz" ,1.000000000000000 ,1.000000000000000 ,1.000000000000000 ,NaN ,NaN ,1.000000000000000 ,1.000000000000000 ,1.000000000000000 ,5.730102539062500 ,0.000000000000000 ,0.000004630120202 ,NaN ,NaN ,NaN
"ds114-small/anat/sub02/anat_sub02_nuc_stereolin.nii.gz" ,1.000000000000000 ,1.000000000000000 ,1.000000000000000 ,NaN ,NaN ,1.000000000000000 ,1.000000000000000 ,1.000000000000000 ,0.433540344238281 ,0.000000000000000 ,0.000008083373359 ,NaN ,NaN ,NaN
"ds114-small/anat/sub02/anat_sub02_nuc_stereonl.nii.gz" ,1.000000000000000 ,1.000000000000000 ,0.000000000000000 ,NaN ,NaN ,1.000000000000000 ,1.000000000000000 ,0.996445398069438 ,33.734272003173828 ,0.000000000000000 ,0.237512290477753 ,NaN ,NaN ,NaN
"ds114-small/anat/sub02/func_sub02_mask_stem_stereo.nii.gz" ,1.000000000000000 ,1.000000000000000 ,1.000000000000000 ,NaN ,NaN ,1.000000000000000 ,1.000000000000000 ,0.986585893552575 ,0.000000000000000 ,0.000000000000000 ,0.000000000000000 ,NaN ,NaN ,NaN
"ds114-small/anat/sub02/func_sub02_mask_stereonl.nii.gz" ,1.000000000000000 ,1.000000000000000 ,1.000000000000000 ,NaN ,NaN ,1.000000000000000 ,1.000000000000000 ,0.992270076539910 ,0.000000000000000 ,0.000000000000000 ,0.000000000000000 ,NaN ,NaN ,NaN
"ds114-small/anat/sub02/func_sub02_mask_vent_stereo.nii.gz" ,1.000000000000000 ,1.000000000000000 ,1.000000000000000 ,NaN ,NaN ,1.000000000000000 ,1.000000000000000 ,0.987412587412587 ,0.000000000000000 ,0.000000000000000 ,0.000000000000000 ,NaN ,NaN ,NaN
"ds114-small/anat/sub02/func_sub02_mask_wm_stereo.nii.gz" ,1.000000000000000 ,1.000000000000000 ,1.000000000000000 ,NaN ,NaN ,1.000000000000000 ,1.000000000000000 ,0.996544574982723 ,0.000000000000000 ,0.000000000000000 ,0.000000000000000 ,NaN ,NaN ,NaN
"ds114-small/anat/sub02/func_sub02_mean_stereonl.nii.gz" ,1.000000000000000 ,1.000000000000000 ,0.000000000000000 ,NaN ,NaN ,1.000000000000000 ,1.000000000000000 ,0.991643828455788 ,549.047119140625000 ,0.000854492187500 ,29.251379013061523 ,NaN ,NaN ,NaN
"ds114-small/anat/sub02/func_sub02_std_stereonl.nii.gz" ,1.000000000000000 ,1.000000000000000 ,0.000000000000000 ,NaN ,NaN ,1.000000000000000 ,1.000000000000000 ,0.906939544667704 ,343.336486816406250 ,0.000358581542969 ,6.052115917205811 ,NaN ,NaN ,NaN
"ds114-small/anat/sub02/transf_sub02_nativefunc_to_stereolin.xfm" ,1.000000000000000 ,1.000000000000000 ,NaN ,NaN ,NaN ,NaN ,NaN ,NaN ,NaN ,NaN ,NaN ,NaN ,NaN ,NaN
"ds114-small/anat/sub02/transf_sub02_nativefunc_to_stereonl.xfm" ,1.000000000000000 ,1.000000000000000 ,NaN ,NaN ,NaN ,NaN ,NaN ,NaN ,NaN ,NaN ,NaN ,NaN ,NaN ,NaN
"ds114-small/anat/sub02/transf_sub02_nativefunc_to_stereonl_grid_0.mnc" ,1.000000000000000 ,1.000000000000000 ,0.000000000000000 ,NaN ,NaN ,1.000000000000000 ,1.000000000000000 ,0.987217143093534 ,1.126676201820374 ,0.000002145767212 ,0.023582911118865 ,NaN ,NaN ,NaN
"ds114-small/anat/sub02/transf_sub02_nativet1_to_stereolin.xfm" ,1.000000000000000 ,1.000000000000000 ,NaN ,NaN ,NaN ,NaN ,NaN ,NaN ,NaN ,NaN ,NaN ,NaN ,NaN ,NaN
"ds114-small/anat/sub02/transf_sub02_stereolin_to_stereonl.xfm" ,1.000000000000000 ,1.000000000000000 ,NaN ,NaN ,NaN ,NaN ,NaN ,NaN ,NaN ,NaN ,NaN ,NaN ,NaN ,NaN
"ds114-small/anat/sub02/transf_sub02_stereolin_to_stereonl_grid.mnc" ,1.000000000000000 ,1.000000000000000 ,0.000000000000000 ,NaN ,NaN ,1.000000000000000 ,1.000000000000000 ,0.987217143093534 ,1.126676201820374 ,0.000002145767212 ,0.023582911118865 ,NaN ,NaN ,NaN
"ds114-small/anat/template_aal.nii.gz" ,1.000000000000000 ,1.000000000000000 ,1.000000000000000 ,NaN ,NaN ,1.000000000000000 ,1.000000000000000 ,1.000000000000000 ,0.000000000000000 ,0.000000000000000 ,0.000000000000000 ,NaN ,NaN ,NaN
"ds114-small/anat/template_anat_stereo.nii.gz" ,1.000000000000000 ,1.000000000000000 ,1.000000000000000 ,NaN ,NaN ,1.000000000000000 ,1.000000000000000 ,1.000000000000000 ,0.000000000000000 ,0.000000000000000 ,0.000000000000000 ,NaN ,NaN ,NaN
"ds114-small/anat/template_fmri_stereo.nii.gz" ,1.000000000000000 ,1.000000000000000 ,1.000000000000000 ,NaN ,NaN ,1.000000000000000 ,1.000000000000000 ,1.000000000000000 ,0.000000000000000 ,0.000000000000000 ,0.000000000000000 ,NaN ,NaN ,NaN
"ds114-small/fmri/fmri_sub01_sessretest_taskrest.nii.gz" ,1.000000000000000 ,1.000000000000000 ,0.000000000000000 ,NaN ,NaN ,1.000000000000000 ,1.000000000000000 ,0.997106481481482 ,242.083496093750000 ,0.000000000000000 ,6.943740367889404 ,0.999990820884705 ,-0.728667438030243 ,0.976761400699615
"ds114-small/fmri/fmri_sub01_sessretest_taskrest_extra.mat" ,1.000000000000000 ,1.000000000000000 ,0.000000000000000 ,NaN ,1.000000000000000 ,NaN ,NaN ,NaN ,NaN ,NaN ,NaN ,NaN ,NaN ,NaN
"ds114-small/fmri/fmri_sub01_sesstest_taskrest.nii.gz" ,1.000000000000000 ,1.000000000000000 ,0.000000000000000 ,NaN ,NaN ,1.000000000000000 ,1.000000000000000 ,0.997317231627623 ,230.727050781250000 ,0.000000000000000 ,6.822973251342773 ,0.999991118907928 ,-0.848057329654694 ,0.945828080177307
"ds114-small/fmri/fmri_sub01_sesstest_taskrest_extra.mat" ,1.000000000000000 ,1.000000000000000 ,0.000000000000000 ,NaN ,1.000000000000000 ,NaN ,NaN ,NaN ,NaN ,NaN ,NaN ,NaN ,NaN ,NaN
"ds114-small/fmri/fmri_sub02_sessretest_taskrest.nii.gz" ,1.000000000000000 ,1.000000000000000 ,0.000000000000000 ,NaN ,NaN ,1.000000000000000 ,1.000000000000000 ,0.992230578276375 ,321.567871093750000 ,0.000000000000000 ,21.667163848876953 ,0.999993920326233 ,-0.906261980533600 ,0.895831763744354
"ds114-small/fmri/fmri_sub02_sessretest_taskrest_extra.mat" ,1.000000000000000 ,1.000000000000000 ,0.000000000000000 ,NaN ,1.000000000000000 ,NaN ,NaN ,NaN ,NaN ,NaN ,NaN ,NaN ,NaN ,NaN
"ds114-small/fmri/fmri_sub02_sesstest_taskrest.nii.gz" ,1.000000000000000 ,1.000000000000000 ,0.000000000000000 ,NaN ,NaN ,1.000000000000000 ,1.000000000000000 ,0.992469767233795 ,374.772460937500000 ,0.000000000000000 ,21.190952301025391 ,0.999995648860931 ,-0.929119884967804 ,0.957925915718079
"ds114-small/fmri/fmri_sub02_sesstest_taskrest_extra.mat" ,1.000000000000000 ,1.000000000000000 ,0.000000000000000 ,NaN ,1.000000000000000 ,NaN ,NaN ,NaN ,NaN ,NaN ,NaN ,NaN ,NaN ,NaN
"ds114-small/intermediate/sub01/motion_correction/motion_Bsession_sub01_sesstest.mat" ,1.000000000000000 ,1.000000000000000 ,1.000000000000000 ,NaN ,1.000000000000000 ,NaN ,NaN ,NaN ,NaN ,NaN ,NaN ,NaN ,NaN ,NaN
"ds114-small/intermediate/sub01/motion_correction/motion_Wrun_sub01_sessretest_taskrest.mat" ,1.000000000000000 ,1.000000000000000 ,0.000000000000000 ,NaN ,1.000000000000000 ,NaN ,NaN ,NaN ,NaN ,NaN ,NaN ,NaN ,NaN ,NaN
"ds114-small/intermediate/sub01/motion_correction/motion_Wrun_sub01_sesstest_taskrest.mat" ,1.000000000000000 ,1.000000000000000 ,0.000000000000000 ,NaN ,1.000000000000000 ,NaN ,NaN ,NaN ,NaN ,NaN ,NaN ,NaN ,NaN ,NaN
"ds114-small/intermediate/sub01/motion_correction/motion_parameters_sub01_sessretest_taskrest.mat" ,1.000000000000000 ,1.000000000000000 ,0.000000000000000 ,NaN ,1.000000000000000 ,NaN ,NaN ,NaN ,NaN ,NaN ,NaN ,NaN ,NaN ,NaN
"ds114-small/intermediate/sub01/motion_correction/motion_parameters_sub01_sesstest_taskrest.mat" ,1.000000000000000 ,1.000000000000000 ,0.000000000000000 ,NaN ,1.000000000000000 ,NaN ,NaN ,NaN ,NaN ,NaN ,NaN ,NaN ,NaN ,NaN
"ds114-small/intermediate/sub01/motion_correction/motion_target_sub01_sessretest_taskrest.nii.gz" ,1.000000000000000 ,1.000000000000000 ,0.000000000000000 ,NaN ,NaN ,1.000000000000000 ,1.000000000000000 ,1.000000000000000 ,16.973876953125000 ,0.000000000000000 ,0.001050363644026 ,NaN ,NaN ,NaN
"ds114-small/intermediate/sub01/motion_correction/motion_target_sub01_sesstest_taskrest.nii.gz" ,1.000000000000000 ,1.000000000000000 ,0.000000000000000 ,NaN ,NaN ,1.000000000000000 ,1.000000000000000 ,1.000000000000000 ,11.987670898437500 ,0.000000000000000 ,0.000767309160437 ,NaN ,NaN ,NaN
"ds114-small/intermediate/sub01/regress_confounds/fmri_sub01_sessretest_taskrest_cor_extra.mat" ,1.000000000000000 ,1.000000000000000 ,0.000000000000000 ,NaN ,1.000000000000000 ,NaN ,NaN ,NaN ,NaN ,NaN ,NaN ,NaN ,NaN ,NaN
"ds114-small/intermediate/sub01/regress_confounds/fmri_sub01_sessretest_taskrest_mask_compcor_stereo.nii.gz" ,1.000000000000000 ,1.000000000000000 ,1.000000000000000 ,NaN ,NaN ,1.000000000000000 ,1.000000000000000 ,0.998111813480010 ,0.000000000000000 ,0.000000000000000 ,0.000000000000000 ,NaN ,NaN ,NaN
"ds114-small/intermediate/sub01/regress_confounds/fmri_sub01_sesstest_taskrest_cor_extra.mat" ,1.000000000000000 ,1.000000000000000 ,0.000000000000000 ,NaN ,1.000000000000000 ,NaN ,NaN ,NaN ,NaN ,NaN ,NaN ,NaN ,NaN ,NaN
"ds114-small/intermediate/sub01/regress_confounds/fmri_sub01_sesstest_taskrest_mask_compcor_stereo.nii.gz" ,1.000000000000000 ,1.000000000000000 ,1.000000000000000 ,NaN ,NaN ,1.000000000000000 ,1.000000000000000 ,0.998111813480010 ,0.000000000000000 ,0.000000000000000 ,0.000000000000000 ,NaN ,NaN ,NaN
"ds114-small/intermediate/sub01/regress_confounds/scrubbing_sub01_sessretest_taskrest.mat" ,1.000000000000000 ,1.000000000000000 ,0.000000000000000 ,NaN ,1.000000000000000 ,NaN ,NaN ,NaN ,NaN ,NaN ,NaN ,NaN ,NaN ,NaN
"ds114-small/intermediate/sub01/regress_confounds/scrubbing_sub01_sesstest_taskrest.mat" ,1.000000000000000 ,1.000000000000000 ,0.000000000000000 ,NaN ,1.000000000000000 ,NaN ,NaN ,NaN ,NaN ,NaN ,NaN ,NaN ,NaN ,NaN
"ds114-small/intermediate/sub01/slice_timing/fmri_sub01_sessretest_taskrest_a_extra.mat" ,1.000000000000000 ,1.000000000000000 ,1.000000000000000 ,NaN ,1.000000000000000 ,NaN ,NaN ,NaN ,NaN ,NaN ,NaN ,NaN ,NaN ,NaN
"ds114-small/intermediate/sub01/slice_timing/fmri_sub01_sesstest_taskrest_a_extra.mat" ,1.000000000000000 ,1.000000000000000 ,1.000000000000000 ,NaN ,1.000000000000000 ,NaN ,NaN ,NaN ,NaN ,NaN ,NaN ,NaN ,NaN ,NaN
"ds114-small/intermediate/sub01/time_filter/fmri_sub01_sessretest_taskrest_n_dc_high.mat" ,1.000000000000000 ,1.000000000000000 ,1.000000000000000 ,NaN ,1.000000000000000 ,NaN ,NaN ,NaN ,NaN ,NaN ,NaN ,NaN ,NaN ,NaN
"ds114-small/intermediate/sub01/time_filter/fmri_sub01_sessretest_taskrest_n_dc_low.mat" ,1.000000000000000 ,1.000000000000000 ,1.000000000000000 ,NaN ,1.000000000000000 ,NaN ,NaN ,NaN ,NaN ,NaN ,NaN ,NaN ,NaN ,NaN
"ds114-small/intermediate/sub01/time_filter/fmri_sub01_sesstest_taskrest_n_dc_high.mat" ,1.000000000000000 ,1.000000000000000 ,1.000000000000000 ,NaN ,1.000000000000000 ,NaN ,NaN ,NaN ,NaN ,NaN ,NaN ,NaN ,NaN ,NaN
"ds114-small/intermediate/sub01/time_filter/fmri_sub01_sesstest_taskrest_n_dc_low.mat" ,1.000000000000000 ,1.000000000000000 ,1.000000000000000 ,NaN ,1.000000000000000 ,NaN ,NaN ,NaN ,NaN ,NaN ,NaN ,NaN ,NaN ,NaN
"ds114-small/intermediate/sub02/motion_correction/motion_Bsession_sub02_sesstest.mat" ,1.000000000000000 ,1.000000000000000 ,1.000000000000000 ,NaN ,1.000000000000000 ,NaN ,NaN ,NaN ,NaN ,NaN ,NaN ,NaN ,NaN ,NaN
"ds114-small/intermediate/sub02/motion_correction/motion_Wrun_sub02_sessretest_taskrest.mat" ,1.000000000000000 ,1.000000000000000 ,0.000000000000000 ,NaN ,1.000000000000000 ,NaN ,NaN ,NaN ,NaN ,NaN ,NaN ,NaN ,NaN ,NaN
"ds114-small/intermediate/sub02/motion_correction/motion_Wrun_sub02_sesstest_taskrest.mat" ,1.000000000000000 ,1.000000000000000 ,1.000000000000000 ,NaN ,1.000000000000000 ,NaN ,NaN ,NaN ,NaN ,NaN ,NaN ,NaN ,NaN ,NaN
"ds114-small/intermediate/sub02/motion_correction/motion_parameters_sub02_sessretest_taskrest.mat" ,1.000000000000000 ,1.000000000000000 ,0.000000000000000 ,NaN ,1.000000000000000 ,NaN ,NaN ,NaN ,NaN ,NaN ,NaN ,NaN ,NaN ,NaN
"ds114-small/intermediate/sub02/motion_correction/motion_parameters_sub02_sesstest_taskrest.mat" ,1.000000000000000 ,1.000000000000000 ,1.000000000000000 ,NaN ,1.000000000000000 ,NaN ,NaN ,NaN ,NaN ,NaN ,NaN ,NaN ,NaN ,NaN
"ds114-small/intermediate/sub02/motion_correction/motion_target_sub02_sessretest_taskrest.nii.gz" ,1.000000000000000 ,1.000000000000000 ,0.000000000000000 ,NaN ,NaN ,1.000000000000000 ,1.000000000000000 ,1.000000000000000 ,12.237792968750000 ,0.000000000000000 ,0.000651986862067 ,NaN ,NaN ,NaN
"ds114-small/intermediate/sub02/motion_correction/motion_target_sub02_sesstest_taskrest.nii.gz" ,1.000000000000000 ,1.000000000000000 ,0.000000000000000 ,NaN ,NaN ,1.000000000000000 ,1.000000000000000 ,1.000000000000000 ,15.973266601562500 ,0.000000000000000 ,0.000863279798068 ,NaN ,NaN ,NaN
"ds114-small/intermediate/sub02/regress_confounds/fmri_sub02_sessretest_taskrest_cor_extra.mat" ,1.000000000000000 ,1.000000000000000 ,0.000000000000000 ,NaN ,1.000000000000000 ,NaN ,NaN ,NaN ,NaN ,NaN ,NaN ,NaN ,NaN ,NaN
"ds114-small/intermediate/sub02/regress_confounds/fmri_sub02_sessretest_taskrest_mask_compcor_stereo.nii.gz" ,1.000000000000000 ,1.000000000000000 ,1.000000000000000 ,NaN ,NaN ,1.000000000000000 ,1.000000000000000 ,0.996013343096575 ,0.000000000000000 ,0.000000000000000 ,0.000000000000000 ,NaN ,NaN ,NaN
"ds114-small/intermediate/sub02/regress_confounds/fmri_sub02_sesstest_taskrest_cor_extra.mat" ,1.000000000000000 ,1.000000000000000 ,0.000000000000000 ,NaN ,1.000000000000000 ,NaN ,NaN ,NaN ,NaN ,NaN ,NaN ,NaN ,NaN ,NaN
"ds114-small/intermediate/sub02/regress_confounds/fmri_sub02_sesstest_taskrest_mask_compcor_stereo.nii.gz" ,1.000000000000000 ,1.000000000000000 ,1.000000000000000 ,NaN ,NaN ,1.000000000000000 ,1.000000000000000 ,0.996013343096575 ,0.000000000000000 ,0.000000000000000 ,0.000000000000000 ,NaN ,NaN ,NaN
"ds114-small/intermediate/sub02/regress_confounds/scrubbing_sub02_sessretest_taskrest.mat" ,1.000000000000000 ,1.000000000000000 ,0.000000000000000 ,NaN ,1.000000000000000 ,NaN ,NaN ,NaN ,NaN ,NaN ,NaN ,NaN ,NaN ,NaN
"ds114-small/intermediate/sub02/regress_confounds/scrubbing_sub02_sesstest_taskrest.mat" ,1.000000000000000 ,1.000000000000000 ,1.000000000000000 ,NaN ,1.000000000000000 ,NaN ,NaN ,NaN ,NaN ,NaN ,NaN ,NaN ,NaN ,NaN
"ds114-small/intermediate/sub02/slice_timing/fmri_sub02_sessretest_taskrest_a_extra.mat" ,1.000000000000000 ,1.000000000000000 ,1.000000000000000 ,NaN ,1.000000000000000 ,NaN ,NaN ,NaN ,NaN ,NaN ,NaN ,NaN ,NaN ,NaN
"ds114-small/intermediate/sub02/slice_timing/fmri_sub02_sesstest_taskrest_a_extra.mat" ,1.000000000000000 ,1.000000000000000 ,1.000000000000000 ,NaN ,1.000000000000000 ,NaN ,NaN ,NaN ,NaN ,NaN ,NaN ,NaN ,NaN ,NaN
"ds114-small/intermediate/sub02/time_filter/fmri_sub02_sessretest_taskrest_n_dc_high.mat" ,1.000000000000000 ,1.000000000000000 ,1.000000000000000 ,NaN ,1.000000000000000 ,NaN ,NaN ,NaN ,NaN ,NaN ,NaN ,NaN ,NaN ,NaN
"ds114-small/intermediate/sub02/time_filter/fmri_sub02_sessretest_taskrest_n_dc_low.mat" ,1.000000000000000 ,1.000000000000000 ,1.000000000000000 ,NaN ,1.000000000000000 ,NaN ,NaN ,NaN ,NaN ,NaN ,NaN ,NaN ,NaN ,NaN
"ds114-small/intermediate/sub02/time_filter/fmri_sub02_sesstest_taskrest_n_dc_high.mat" ,1.000000000000000 ,1.000000000000000 ,1.000000000000000 ,NaN ,1.000000000000000 ,NaN ,NaN ,NaN ,NaN ,NaN ,NaN ,NaN ,NaN ,NaN
"ds114-small/intermediate/sub02/time_filter/fmri_sub02_sesstest_taskrest_n_dc_low.mat" ,1.000000000000000 ,1.000000000000000 ,1.000000000000000 ,NaN ,1.000000000000000 ,NaN ,NaN ,NaN ,NaN ,NaN ,NaN ,NaN ,NaN ,NaN
"ds114-small/logs/PIPE.exit" ,1.000000000000000 ,1.000000000000000 ,NaN ,NaN ,NaN ,NaN ,NaN ,NaN ,NaN ,NaN ,NaN ,NaN ,NaN ,NaN
"ds114-small/logs/PIPE.mat" ,1.000000000000000 ,1.000000000000000 ,0.000000000000000 ,NaN ,1.000000000000000 ,NaN ,NaN ,NaN ,NaN ,NaN ,NaN ,NaN ,NaN ,NaN
"ds114-small/logs/PIPE_config.mat" ,1.000000000000000 ,1.000000000000000 ,0.000000000000000 ,NaN ,1.000000000000000 ,NaN ,NaN ,NaN ,NaN ,NaN ,NaN ,NaN ,NaN ,NaN
"ds114-small/logs/PIPE_history.txt" ,1.000000000000000 ,1.000000000000000 ,NaN ,NaN ,NaN ,NaN ,NaN ,NaN ,NaN ,NaN ,NaN ,NaN ,NaN ,NaN
"ds114-small/logs/PIPE_jobs.mat" ,1.000000000000000 ,1.000000000000000 ,0.000000000000000 ,NaN ,1.000000000000000 ,NaN ,NaN ,NaN ,NaN ,NaN ,NaN ,NaN ,NaN ,NaN
"ds114-small/logs/PIPE_logs.mat" ,1.000000000000000 ,1.000000000000000 ,0.000000000000000 ,NaN ,1.000000000000000 ,NaN ,NaN ,NaN ,NaN ,NaN ,NaN ,NaN ,NaN ,NaN
"ds114-small/logs/PIPE_logs_backup.mat" ,1.000000000000000 ,1.000000000000000 ,0.000000000000000 ,NaN ,1.000000000000000 ,NaN ,NaN ,NaN ,NaN ,NaN ,NaN ,NaN ,NaN ,NaN
"ds114-small/logs/PIPE_profile.mat" ,1.000000000000000 ,1.000000000000000 ,0.000000000000000 ,NaN ,1.000000000000000 ,NaN ,NaN ,NaN ,NaN ,NaN ,NaN ,NaN ,NaN ,NaN
"ds114-small/logs/PIPE_profile_backup.mat" ,1.000000000000000 ,1.000000000000000 ,0.000000000000000 ,NaN ,1.000000000000000 ,NaN ,NaN ,NaN ,NaN ,NaN ,NaN ,NaN ,NaN ,NaN
"ds114-small/logs/PIPE_status.mat" ,1.000000000000000 ,1.000000000000000 ,1.000000000000000 ,NaN ,1.000000000000000 ,NaN ,NaN ,NaN ,NaN ,NaN ,NaN ,NaN ,NaN ,NaN
"ds114-small/logs/PIPE_status_backup.mat" ,1.000000000000000 ,1.000000000000000 ,1.000000000000000 ,NaN ,1.000000000000000 ,NaN ,NaN ,NaN ,NaN ,NaN ,NaN ,NaN ,NaN ,NaN
"ds114-small/logs/PIPE_status_init.mat" ,1.000000000000000 ,1.000000000000000 ,1.000000000000000 ,NaN ,1.000000000000000 ,NaN ,NaN ,NaN ,NaN ,NaN ,NaN ,NaN ,NaN ,NaN
"ds114-small/logs/PIPE_time.mat" ,1.000000000000000 ,1.000000000000000 ,0.000000000000000 ,NaN ,1.000000000000000 ,NaN ,NaN ,NaN ,NaN ,NaN ,NaN ,NaN ,NaN ,NaN
"ds114-small/logs/deamon/deamon.exit" ,1.000000000000000 ,1.000000000000000 ,NaN ,NaN ,NaN ,NaN ,NaN ,NaN ,NaN ,NaN ,NaN ,NaN ,NaN ,NaN
"ds114-small/logs/deamon/deamon.log" ,1.000000000000000 ,1.000000000000000 ,NaN ,NaN ,NaN ,NaN ,NaN ,NaN ,NaN ,NaN ,NaN ,NaN ,NaN ,NaN
"ds114-small/logs/deamon/psom_deamon.sh" ,1.000000000000000 ,1.000000000000000 ,NaN ,NaN ,NaN ,NaN ,NaN ,NaN ,NaN ,NaN ,NaN ,NaN ,NaN ,NaN
"ds114-small/logs/garbage/garbage.exit" ,1.000000000000000 ,1.000000000000000 ,NaN ,NaN ,NaN ,NaN ,NaN ,NaN ,NaN ,NaN ,NaN ,NaN ,NaN ,NaN
"ds114-small/logs/garbage/garbage_history.txt" ,1.000000000000000 ,1.000000000000000 ,NaN ,NaN ,NaN ,NaN ,NaN ,NaN ,NaN ,NaN ,NaN ,NaN ,NaN ,NaN
"ds114-small/logs/garbage/heartbeat.mat" ,1.000000000000000 ,1.000000000000000 ,0.000000000000000 ,NaN ,1.000000000000000 ,NaN ,NaN ,NaN ,NaN ,NaN ,NaN ,NaN ,NaN ,NaN
"ds114-small/logs/heartbeat.mat" ,1.000000000000000 ,1.000000000000000 ,0.000000000000000 ,NaN ,1.000000000000000 ,NaN ,NaN ,NaN ,NaN ,NaN ,NaN ,NaN ,NaN ,NaN
"ds114-small/logs/news_feed.csv" ,1.000000000000000 ,1.000000000000000 ,1.000000000000000 ,1.000000000000000 ,NaN ,NaN ,1.000000000000000 ,NaN ,0.000000000000000 ,0.000000000000000 ,0.000000000000000 ,NaN ,NaN ,NaN
"ds114-small/logs/tmp/psom1.sh" ,1.000000000000000 ,1.000000000000000 ,NaN ,NaN ,NaN ,NaN ,NaN ,NaN ,NaN ,NaN ,NaN ,NaN ,NaN ,NaN
"ds114-small/logs/tmp/psom10.sh" ,1.000000000000000 ,1.000000000000000 ,NaN ,NaN ,NaN ,NaN ,NaN ,NaN ,NaN ,NaN ,NaN ,NaN ,NaN ,NaN
"ds114-small/logs/tmp/psom11.sh" ,1.000000000000000 ,1.000000000000000 ,NaN ,NaN ,NaN ,NaN ,NaN ,NaN ,NaN ,NaN ,NaN ,NaN ,NaN ,NaN
"ds114-small/logs/tmp/psom12.sh" ,1.000000000000000 ,1.000000000000000 ,NaN ,NaN ,NaN ,NaN ,NaN ,NaN ,NaN ,NaN ,NaN ,NaN ,NaN ,NaN
"ds114-small/logs/tmp/psom2.sh" ,1.000000000000000 ,1.000000000000000 ,NaN ,NaN ,NaN ,NaN ,NaN ,NaN ,NaN ,NaN ,NaN ,NaN ,NaN ,NaN
"ds114-small/logs/tmp/psom3.sh" ,1.000000000000000 ,1.000000000000000 ,NaN ,NaN ,NaN ,NaN ,NaN ,NaN ,NaN ,NaN ,NaN ,NaN ,NaN ,NaN
"ds114-small/logs/tmp/psom4.sh" ,1.000000000000000 ,1.000000000000000 ,NaN ,NaN ,NaN ,NaN ,NaN ,NaN ,NaN ,NaN ,NaN ,NaN ,NaN ,NaN
"ds114-small/logs/tmp/psom5.sh" ,1.000000000000000 ,1.000000000000000 ,NaN ,NaN ,NaN ,NaN ,NaN ,NaN ,NaN ,NaN ,NaN ,NaN ,NaN ,NaN
"ds114-small/logs/tmp/psom6.sh" ,1.000000000000000 ,1.000000000000000 ,NaN ,NaN ,NaN ,NaN ,NaN ,NaN ,NaN ,NaN ,NaN ,NaN ,NaN ,NaN
"ds114-small/logs/tmp/psom7.sh" ,1.000000000000000 ,1.000000000000000 ,NaN ,NaN ,NaN ,NaN ,NaN ,NaN ,NaN ,NaN ,NaN ,NaN ,NaN ,NaN
"ds114-small/logs/tmp/psom8.sh" ,1.000000000000000 ,1.000000000000000 ,NaN ,NaN ,NaN ,NaN ,NaN ,NaN ,NaN ,NaN ,NaN ,NaN ,NaN ,NaN
"ds114-small/logs/tmp/psom9.sh" ,1.000000000000000 ,1.000000000000000 ,NaN ,NaN ,NaN ,NaN ,NaN ,NaN ,NaN ,NaN ,NaN ,NaN ,NaN ,NaN
"ds114-small/logs/tmp/psom_garbage.sh" ,1.000000000000000 ,1.000000000000000 ,NaN ,NaN ,NaN ,NaN ,NaN ,NaN ,NaN ,NaN ,NaN ,NaN ,NaN ,NaN
"ds114-small/logs/tmp/psom_manager.sh" ,1.000000000000000 ,1.000000000000000 ,NaN ,NaN ,NaN ,NaN ,NaN ,NaN ,NaN ,NaN ,NaN ,NaN ,NaN ,NaN
"ds114-small/logs/worker/psom1/heartbeat.mat" ,1.000000000000000 ,1.000000000000000 ,0.000000000000000 ,NaN ,1.000000000000000 ,NaN ,NaN ,NaN ,NaN ,NaN ,NaN ,NaN ,NaN ,NaN
"ds114-small/logs/worker/psom1/worker.end" ,1.000000000000000 ,1.000000000000000 ,NaN ,NaN ,NaN ,NaN ,NaN ,NaN ,NaN ,NaN ,NaN ,NaN ,NaN ,NaN
"ds114-small/logs/worker/psom1/worker.err" ,1.000000000000000 ,1.000000000000000 ,NaN ,NaN ,NaN ,NaN ,NaN ,NaN ,NaN ,NaN ,NaN ,NaN ,NaN ,NaN
"ds114-small/logs/worker/psom1/worker.exit" ,1.000000000000000 ,1.000000000000000 ,NaN ,NaN ,NaN ,NaN ,NaN ,NaN ,NaN ,NaN ,NaN ,NaN ,NaN ,NaN
"ds114-small/logs/worker/psom1/worker.failed" ,1.000000000000000 ,1.000000000000000 ,NaN ,NaN ,NaN ,NaN ,NaN ,NaN ,NaN ,NaN ,NaN ,NaN ,NaN ,NaN
"ds114-small/logs/worker/psom1/worker.log" ,1.000000000000000 ,1.000000000000000 ,NaN ,NaN ,NaN ,NaN ,NaN ,NaN ,NaN ,NaN ,NaN ,NaN ,NaN ,NaN
"ds114-small/logs/worker/psom1/worker.out" ,1.000000000000000 ,1.000000000000000 ,NaN ,NaN ,NaN ,NaN ,NaN ,NaN ,NaN ,NaN ,NaN ,NaN ,NaN ,NaN
"ds114-small/logs/worker/psom2/heartbeat.mat" ,1.000000000000000 ,1.000000000000000 ,0.000000000000000 ,NaN ,1.000000000000000 ,NaN ,NaN ,NaN ,NaN ,NaN ,NaN ,NaN ,NaN ,NaN
"ds114-small/logs/worker/psom2/worker.end" ,1.000000000000000 ,1.000000000000000 ,NaN ,NaN ,NaN ,NaN ,NaN ,NaN ,NaN ,NaN ,NaN ,NaN ,NaN ,NaN
"ds114-small/logs/worker/psom2/worker.err" ,1.000000000000000 ,1.000000000000000 ,NaN ,NaN ,NaN ,NaN ,NaN ,NaN ,NaN ,NaN ,NaN ,NaN ,NaN ,NaN
"ds114-small/logs/worker/psom2/worker.exit" ,1.000000000000000 ,1.000000000000000 ,NaN ,NaN ,NaN ,NaN ,NaN ,NaN ,NaN ,NaN ,NaN ,NaN ,NaN ,NaN
"ds114-small/logs/worker/psom2/worker.failed" ,1.000000000000000 ,1.000000000000000 ,NaN ,NaN ,NaN ,NaN ,NaN ,NaN ,NaN ,NaN ,NaN ,NaN ,NaN ,NaN
"ds114-small/logs/worker/psom2/worker.log" ,1.000000000000000 ,1.000000000000000 ,NaN ,NaN ,NaN ,NaN ,NaN ,NaN ,NaN ,NaN ,NaN ,NaN ,NaN ,NaN
"ds114-small/logs/worker/psom2/worker.out" ,1.000000000000000 ,1.000000000000000 ,NaN ,NaN ,NaN ,NaN ,NaN ,NaN ,NaN ,NaN ,NaN ,NaN ,NaN ,NaN
"ds114-small/pipe_parameters.mat" ,1.000000000000000 ,1.000000000000000 ,0.000000000000000 ,NaN ,1.000000000000000 ,NaN ,NaN ,NaN ,NaN ,NaN ,NaN ,NaN ,NaN ,NaN
"ds114-small/quality_control/group_coregistration/anat_fig_qc_coregister_stereolin.pdf" ,1.000000000000000 ,1.000000000000000 ,NaN ,NaN ,NaN ,NaN ,NaN ,NaN ,NaN ,NaN ,NaN ,NaN ,NaN ,NaN
"ds114-small/quality_control/group_coregistration/anat_fig_qc_coregister_stereonl.pdf" ,1.000000000000000 ,1.000000000000000 ,NaN ,NaN ,NaN ,NaN ,NaN ,NaN ,NaN ,NaN ,NaN ,NaN ,NaN ,NaN
"ds114-small/quality_control/group_coregistration/anat_mask_average_stereolin.nii.gz" ,1.000000000000000 ,1.000000000000000 ,0.000000000000000 ,NaN ,NaN ,1.000000000000000 ,1.000000000000000 ,0.998532743719786 ,0.500000000000000 ,0.000000000000000 ,0.001305960817263 ,NaN ,NaN ,NaN
"ds114-small/quality_control/group_coregistration/anat_mask_average_stereonl.nii.gz" ,1.000000000000000 ,1.000000000000000 ,1.000000000000000 ,NaN ,NaN ,1.000000000000000 ,1.000000000000000 ,0.999948131993702 ,0.000000000000000 ,0.000000000000000 ,0.000000000000000 ,NaN ,NaN ,NaN
"ds114-small/quality_control/group_coregistration/anat_mask_group_stereolin.nii.gz" ,1.000000000000000 ,1.000000000000000 ,1.000000000000000 ,NaN ,NaN ,1.000000000000000 ,1.000000000000000 ,0.998532743719786 ,0.000000000000000 ,0.000000000000000 ,0.000000000000000 ,NaN ,NaN ,NaN
"ds114-small/quality_control/group_coregistration/anat_mask_group_stereonl.nii.gz" ,1.000000000000000 ,1.000000000000000 ,1.000000000000000 ,NaN ,NaN ,1.000000000000000 ,1.000000000000000 ,0.999981440808375 ,0.000000000000000 ,0.000000000000000 ,0.000000000000000 ,NaN ,NaN ,NaN
"ds114-small/quality_control/group_coregistration/anat_mean_average_stereolin.nii.gz" ,1.000000000000000 ,1.000000000000000 ,1.000000000000000 ,NaN ,NaN ,1.000000000000000 ,1.000000000000000 ,1.000000000000000 ,0.216812133789062 ,0.000000000000000 ,0.000042063133151 ,NaN ,NaN ,NaN
"ds114-small/quality_control/group_coregistration/anat_mean_average_stereonl.nii.gz" ,1.000000000000000 ,1.000000000000000 ,0.000000000000000 ,NaN ,NaN ,1.000000000000000 ,1.000000000000000 ,0.996625767927195 ,27.964942932128906 ,0.000000000000000 ,0.278641581535339 ,NaN ,NaN ,NaN
"ds114-small/quality_control/group_coregistration/anat_mean_std_stereolin.nii.gz" ,1.000000000000000 ,1.000000000000000 ,1.000000000000000 ,NaN ,NaN ,1.000000000000000 ,1.000000000000000 ,1.000000000000000 ,0.000690460205078 ,0.000000000000000 ,0.000054100019042 ,NaN ,NaN ,NaN
"ds114-small/quality_control/group_coregistration/anat_mean_std_stereonl.nii.gz" ,1.000000000000000 ,1.000000000000000 ,0.000000000000000 ,NaN ,NaN ,1.000000000000000 ,1.000000000000000 ,0.990454758706204 ,37.779960632324219 ,0.000000000000000 ,0.409756273031235 ,NaN ,NaN ,NaN
"ds114-small/quality_control/group_coregistration/anat_tab_qc_coregister_stereolin.csv" ,1.000000000000000 ,1.000000000000000 ,1.000000000000000 ,1.000000000000000 ,NaN ,NaN ,1.000000000000000 ,NaN ,0.000045716762543 ,0.000000000000000 ,0.000012889504433 ,NaN ,NaN ,NaN
"ds114-small/quality_control/group_coregistration/anat_tab_qc_coregister_stereonl.csv" ,1.000000000000000 ,1.000000000000000 ,1.000000000000000 ,1.000000000000000 ,NaN ,NaN ,1.000000000000000 ,NaN ,0.000050067901612 ,0.000000000000000 ,0.000013008713722 ,NaN ,NaN ,NaN
"ds114-small/quality_control/group_coregistration/func_fig_qc_coregister_stereonl.pdf" ,1.000000000000000 ,1.000000000000000 ,NaN ,NaN ,NaN ,NaN ,NaN ,NaN ,NaN ,NaN ,NaN ,NaN ,NaN ,NaN
"ds114-small/quality_control/group_coregistration/func_mask_average_stereonl.nii.gz" ,1.000000000000000 ,1.000000000000000 ,0.000000000000000 ,NaN ,NaN ,1.000000000000000 ,1.000000000000000 ,0.994478916585335 ,0.500000000000000 ,0.000000000000000 ,0.004448551684618 ,NaN ,NaN ,NaN
"ds114-small/quality_control/group_coregistration/func_mask_group_stereonl.nii.gz" ,1.000000000000000 ,1.000000000000000 ,1.000000000000000 ,NaN ,NaN ,1.000000000000000 ,1.000000000000000 ,0.994478916585335 ,0.000000000000000 ,0.000000000000000 ,0.000000000000000 ,NaN ,NaN ,NaN
"ds114-small/quality_control/group_coregistration/func_mean_average_stereonl.nii.gz" ,1.000000000000000 ,1.000000000000000 ,0.000000000000000 ,NaN ,NaN ,1.000000000000000 ,1.000000000000000 ,0.994823374741356 ,283.453125000000000 ,0.000122070312500 ,15.210802078247070 ,NaN ,NaN ,NaN
"ds114-small/quality_control/group_coregistration/func_mean_std_stereonl.nii.gz" ,1.000000000000000 ,1.000000000000000 ,0.000000000000000 ,NaN ,NaN ,1.000000000000000 ,1.000000000000000 ,0.934913966737642 ,533.289428710937500 ,0.000244140625000 ,33.789062500000000 ,NaN ,NaN ,NaN
"ds114-small/quality_control/group_coregistration/func_tab_qc_coregister_stereonl.csv" ,1.000000000000000 ,1.000000000000000 ,0.000000000000000 ,1.000000000000000 ,NaN ,NaN ,1.000000000000000 ,NaN ,0.000838696956635 ,0.000000000000000 ,0.000316262245178 ,NaN ,NaN ,NaN
"ds114-small/quality_control/group_motion/qc_coregister_between_runs_group.csv" ,1.000000000000000 ,1.000000000000000 ,0.000000000000000 ,1.000000000000000 ,NaN ,NaN ,1.000000000000000 ,NaN ,0.001277565956116 ,0.000135421752930 ,0.000474452972412 ,NaN ,NaN ,NaN
"ds114-small/quality_control/group_motion/qc_coregister_between_runs_group.pdf" ,1.000000000000000 ,1.000000000000000 ,NaN ,NaN ,NaN ,NaN ,NaN ,NaN ,NaN ,NaN ,NaN ,NaN ,NaN ,NaN
"ds114-small/quality_control/group_motion/qc_motion_group.csv" ,1.000000000000000 ,1.000000000000000 ,1.000000000000000 ,1.000000000000000 ,NaN ,NaN ,1.000000000000000 ,NaN ,0.000000000000000 ,0.000000000000000 ,0.000000000000000 ,NaN ,NaN ,NaN
"ds114-small/quality_control/group_motion/qc_motion_group.pdf" ,1.000000000000000 ,1.000000000000000 ,NaN ,NaN ,NaN ,NaN ,NaN ,NaN ,NaN ,NaN ,NaN ,NaN ,NaN ,NaN
"ds114-small/quality_control/group_motion/qc_scrubbing_group.csv" ,1.000000000000000 ,1.000000000000000 ,0.000000000000000 ,1.000000000000000 ,NaN ,NaN ,1.000000000000000 ,NaN ,0.002169854399086 ,0.000000000000000 ,0.000606358400489 ,NaN ,NaN ,NaN
"ds114-small/quality_control/sub01/motion_correction/fig_coregister_motion.pdf" ,1.000000000000000 ,1.000000000000000 ,NaN ,NaN ,NaN ,NaN ,NaN ,NaN ,NaN ,NaN ,NaN ,NaN ,NaN ,NaN
"ds114-small/quality_control/sub01/motion_correction/fig_motion_within_run.pdf" ,1.000000000000000 ,1.000000000000000 ,NaN ,NaN ,NaN ,NaN ,NaN ,NaN ,NaN ,NaN ,NaN ,NaN ,NaN ,NaN
"ds114-small/quality_control/sub01/motion_correction/func_sub01_mask_average_stereonl.nii.gz" ,1.000000000000000 ,1.000000000000000 ,0.000000000000000 ,NaN ,NaN ,1.000000000000000 ,1.000000000000000 ,0.997100227475890 ,0.500000000000000 ,0.000000000000000 ,0.002755142282695 ,NaN ,NaN ,NaN
"ds114-small/quality_control/sub01/motion_correction/tab_coregister_motion.csv" ,1.000000000000000 ,1.000000000000000 ,0.000000000000000 ,1.000000000000000 ,NaN ,NaN ,1.000000000000000 ,NaN ,0.000149905681610 ,0.000033557415008 ,0.000111669301987 ,NaN ,NaN ,NaN
"ds114-small/quality_control/sub02/motion_correction/fig_coregister_motion.pdf" ,1.000000000000000 ,1.000000000000000 ,NaN ,NaN ,NaN ,NaN ,NaN ,NaN ,NaN ,NaN ,NaN ,NaN ,NaN ,NaN
"ds114-small/quality_control/sub02/motion_correction/fig_motion_within_run.pdf" ,1.000000000000000 ,1.000000000000000 ,NaN ,NaN ,NaN ,NaN ,NaN ,NaN ,NaN ,NaN ,NaN ,NaN ,NaN ,NaN
"ds114-small/quality_control/sub02/motion_correction/func_sub02_mask_average_stereonl.nii.gz" ,1.000000000000000 ,1.000000000000000 ,0.000000000000000 ,NaN ,NaN ,1.000000000000000 ,1.000000000000000 ,0.992357992594343 ,0.500000000000000 ,0.000000000000000 ,0.006120269186795 ,NaN ,NaN ,NaN
"ds114-small/quality_control/sub02/motion_correction/tab_coregister_motion.csv" ,1.000000000000000 ,1.000000000000000 ,0.000000000000000 ,1.000000000000000 ,NaN ,NaN ,1.000000000000000 ,NaN ,0.001277565956116 ,0.000116765499115 ,0.000482335686684 ,NaN ,NaN ,NaN
"ds114-small/report/assets/backbone/LICENSE.txt" ,1.000000000000000 ,1.000000000000000 ,NaN ,NaN ,NaN ,NaN ,NaN ,NaN ,NaN ,NaN ,NaN ,NaN ,NaN ,NaN
"ds114-small/report/assets/backbone/backbone-min.js" ,1.000000000000000 ,1.000000000000000 ,NaN ,NaN ,NaN ,NaN ,NaN ,NaN ,NaN ,NaN ,NaN ,NaN ,NaN ,NaN
"ds114-small/report/assets/bootstrap/LICENSE.txt" ,1.000000000000000 ,1.000000000000000 ,NaN ,NaN ,NaN ,NaN ,NaN ,NaN ,NaN ,NaN ,NaN ,NaN ,NaN ,NaN
"ds114-small/report/assets/bootstrap/bootstrap.min.css" ,1.000000000000000 ,1.000000000000000 ,NaN ,NaN ,NaN ,NaN ,NaN ,NaN ,NaN ,NaN ,NaN ,NaN ,NaN ,NaN
"ds114-small/report/assets/bootstrap/bootstrap.min.js" ,1.000000000000000 ,1.000000000000000 ,NaN ,NaN ,NaN ,NaN ,NaN ,NaN ,NaN ,NaN ,NaN ,NaN ,NaN ,NaN
"ds114-small/report/assets/c3js/LICENSE" ,1.000000000000000 ,1.000000000000000 ,NaN ,NaN ,NaN ,NaN ,NaN ,NaN ,NaN ,NaN ,NaN ,NaN ,NaN ,NaN
"ds114-small/report/assets/c3js/c3.min.css" ,1.000000000000000 ,1.000000000000000 ,NaN ,NaN ,NaN ,NaN ,NaN ,NaN ,NaN ,NaN ,NaN ,NaN ,NaN ,NaN
"ds114-small/report/assets/c3js/c3.min.js" ,1.000000000000000 ,1.000000000000000 ,NaN ,NaN ,NaN ,NaN ,NaN ,NaN ,NaN ,NaN ,NaN ,NaN ,NaN ,NaN
"ds114-small/report/assets/d3js/LICENSE" ,1.000000000000000 ,1.000000000000000 ,NaN ,NaN ,NaN ,NaN ,NaN ,NaN ,NaN ,NaN ,NaN ,NaN ,NaN ,NaN
"ds114-small/report/assets/d3js/d3.min.js" ,1.000000000000000 ,1.000000000000000 ,NaN ,NaN ,NaN ,NaN ,NaN ,NaN ,NaN ,NaN ,NaN ,NaN ,NaN ,NaN
"ds114-small/report/assets/jquery/LICENSE.txt" ,1.000000000000000 ,1.000000000000000 ,NaN ,NaN ,NaN ,NaN ,NaN ,NaN ,NaN ,NaN ,NaN ,NaN ,NaN ,NaN
"ds114-small/report/assets/jquery/jquery.min.js" ,1.000000000000000 ,1.000000000000000 ,NaN ,NaN ,NaN ,NaN ,NaN ,NaN ,NaN ,NaN ,NaN ,NaN ,NaN ,NaN
"ds114-small/report/assets/jsImageSlider/active-bg.png" ,1.000000000000000 ,1.000000000000000 ,NaN ,NaN ,NaN ,NaN ,NaN ,NaN ,NaN ,NaN ,NaN ,NaN ,NaN ,NaN
"ds114-small/report/assets/jsImageSlider/bullet.png" ,1.000000000000000 ,1.000000000000000 ,NaN ,NaN ,NaN ,NaN ,NaN ,NaN ,NaN ,NaN ,NaN ,NaN ,NaN ,NaN
"ds114-small/report/assets/jsImageSlider/js-image-slider.css" ,1.000000000000000 ,1.000000000000000 ,NaN ,NaN ,NaN ,NaN ,NaN ,NaN ,NaN ,NaN ,NaN ,NaN ,NaN ,NaN
"ds114-small/report/assets/jsImageSlider/js-image-slider.js" ,1.000000000000000 ,1.000000000000000 ,NaN ,NaN ,NaN ,NaN ,NaN ,NaN ,NaN ,NaN ,NaN ,NaN ,NaN ,NaN
"ds114-small/report/assets/jsImageSlider/navbuttons.png" ,1.000000000000000 ,1.000000000000000 ,NaN ,NaN ,NaN ,NaN ,NaN ,NaN ,NaN ,NaN ,NaN ,NaN ,NaN ,NaN
"ds114-small/report/assets/jsImageSlider/thumbs-bar.gif" ,1.000000000000000 ,1.000000000000000 ,NaN ,NaN ,NaN ,NaN ,NaN ,NaN ,NaN ,NaN ,NaN ,NaN ,NaN ,NaN
"ds114-small/report/assets/keen/LICENSE.txt" ,1.000000000000000 ,1.000000000000000 ,NaN ,NaN ,NaN ,NaN ,NaN ,NaN ,NaN ,NaN ,NaN ,NaN ,NaN ,NaN
"ds114-small/report/assets/keen/keen-dashboards.css" ,1.000000000000000 ,1.000000000000000 ,NaN ,NaN ,NaN ,NaN ,NaN ,NaN ,NaN ,NaN ,NaN ,NaN ,NaN ,NaN
"ds114-small/report/assets/keen/keen.min.js" ,1.000000000000000 ,1.000000000000000 ,NaN ,NaN ,NaN ,NaN ,NaN ,NaN ,NaN ,NaN ,NaN ,NaN ,NaN ,NaN
"ds114-small/report/assets/keen/meta.js" ,1.000000000000000 ,1.000000000000000 ,NaN ,NaN ,NaN ,NaN ,NaN ,NaN ,NaN ,NaN ,NaN ,NaN ,NaN ,NaN
"ds114-small/report/assets/pretty-json/LICENSE.txt" ,1.000000000000000 ,1.000000000000000 ,NaN ,NaN ,NaN ,NaN ,NaN ,NaN ,NaN ,NaN ,NaN ,NaN ,NaN ,NaN
"ds114-small/report/assets/pretty-json/pretty-json-min.js" ,1.000000000000000 ,1.000000000000000 ,NaN ,NaN ,NaN ,NaN ,NaN ,NaN ,NaN ,NaN ,NaN ,NaN ,NaN ,NaN
"ds114-small/report/assets/pretty-json/pretty-json.css" ,1.000000000000000 ,1.000000000000000 ,NaN ,NaN ,NaN ,NaN ,NaN ,NaN ,NaN ,NaN ,NaN ,NaN ,NaN ,NaN
"ds114-small/report/assets/select2/LICENSE.md" ,1.000000000000000 ,1.000000000000000 ,NaN ,NaN ,NaN ,NaN ,NaN ,NaN ,NaN ,NaN ,NaN ,NaN ,NaN ,NaN
"ds114-small/report/assets/select2/select2.min.css" ,1.000000000000000 ,1.000000000000000 ,NaN ,NaN ,NaN ,NaN ,NaN ,NaN ,NaN ,NaN ,NaN ,NaN ,NaN ,NaN
"ds114-small/report/assets/select2/select2.min.js" ,1.000000000000000 ,1.000000000000000 ,NaN ,NaN ,NaN ,NaN ,NaN ,NaN ,NaN ,NaN ,NaN ,NaN ,NaN ,NaN
"ds114-small/report/assets/underscore/LICENSE.txt" ,1.000000000000000 ,1.000000000000000 ,NaN ,NaN ,NaN ,NaN ,NaN ,NaN ,NaN ,NaN ,NaN ,NaN ,NaN ,NaN
"ds114-small/report/assets/underscore/underscore-min.js" ,1.000000000000000 ,1.000000000000000 ,NaN ,NaN ,NaN ,NaN ,NaN ,NaN ,NaN ,NaN ,NaN ,NaN ,NaN ,NaN
"ds114-small/report/group.html" ,1.000000000000000 ,1.000000000000000 ,NaN ,NaN ,NaN ,NaN ,NaN ,NaN ,NaN ,NaN ,NaN ,NaN ,NaN ,NaN
"ds114-small/report/group/average_func_stereotaxic.png" ,1.000000000000000 ,1.000000000000000 ,NaN ,NaN ,NaN ,NaN ,NaN ,NaN ,NaN ,NaN ,NaN ,NaN ,NaN ,NaN
"ds114-small/report/group/average_mask_func_stereotaxic.png" ,1.000000000000000 ,1.000000000000000 ,NaN ,NaN ,NaN ,NaN ,NaN ,NaN ,NaN ,NaN ,NaN ,NaN ,NaN ,NaN
"ds114-small/report/group/average_t1_stereotaxic.png" ,1.000000000000000 ,1.000000000000000 ,NaN ,NaN ,NaN ,NaN ,NaN ,NaN ,NaN ,NaN ,NaN ,NaN ,NaN ,NaN
"ds114-small/report/group/listRun.js" ,1.000000000000000 ,1.000000000000000 ,NaN ,NaN ,NaN ,NaN ,NaN ,NaN ,NaN ,NaN ,NaN ,NaN ,NaN ,NaN
"ds114-small/report/group/listSubject.js" ,1.000000000000000 ,1.000000000000000 ,NaN ,NaN ,NaN ,NaN ,NaN ,NaN ,NaN ,NaN ,NaN ,NaN ,NaN ,NaN
"ds114-small/report/group/mask_func_group_stereotaxic.png" ,1.000000000000000 ,1.000000000000000 ,NaN ,NaN ,NaN ,NaN ,NaN ,NaN ,NaN ,NaN ,NaN ,NaN ,NaN ,NaN
"ds114-small/report/group/outline.png" ,1.000000000000000 ,1.000000000000000 ,NaN ,NaN ,NaN ,NaN ,NaN ,NaN ,NaN ,NaN ,NaN ,NaN ,NaN ,NaN
"ds114-small/report/group/template_stereotaxic.png" ,1.000000000000000 ,1.000000000000000 ,NaN ,NaN ,NaN ,NaN ,NaN ,NaN ,NaN ,NaN ,NaN ,NaN ,NaN ,NaN
"ds114-small/report/group/template_stereotaxic_raw.png" ,1.000000000000000 ,1.000000000000000 ,NaN ,NaN ,NaN ,NaN ,NaN ,NaN ,NaN ,NaN ,NaN ,NaN ,NaN ,NaN
"ds114-small/report/index.html" ,1.000000000000000 ,1.000000000000000 ,NaN ,NaN ,NaN ,NaN ,NaN ,NaN ,NaN ,NaN ,NaN ,NaN ,NaN ,NaN
"ds114-small/report/motion.css" ,1.000000000000000 ,1.000000000000000 ,NaN ,NaN ,NaN ,NaN ,NaN ,NaN ,NaN ,NaN ,NaN ,NaN ,NaN ,NaN
"ds114-small/report/motion/dataMotion_sub01_sessretest_taskrest.js" ,1.000000000000000 ,1.000000000000000 ,NaN ,NaN ,NaN ,NaN ,NaN ,NaN ,NaN ,NaN ,NaN ,NaN ,NaN ,NaN
"ds114-small/report/motion/dataMotion_sub01_sesstest_taskrest.js" ,1.000000000000000 ,1.000000000000000 ,NaN ,NaN ,NaN ,NaN ,NaN ,NaN ,NaN ,NaN ,NaN ,NaN ,NaN ,NaN
"ds114-small/report/motion/dataMotion_sub02_sessretest_taskrest.js" ,1.000000000000000 ,1.000000000000000 ,NaN ,NaN ,NaN ,NaN ,NaN ,NaN ,NaN ,NaN ,NaN ,NaN ,NaN ,NaN
"ds114-small/report/motion/dataMotion_sub02_sesstest_taskrest.js" ,1.000000000000000 ,1.000000000000000 ,NaN ,NaN ,NaN ,NaN ,NaN ,NaN ,NaN ,NaN ,NaN ,NaN ,NaN ,NaN
"ds114-small/report/motion/motion.html" ,1.000000000000000 ,1.000000000000000 ,NaN ,NaN ,NaN ,NaN ,NaN ,NaN ,NaN ,NaN ,NaN ,NaN ,NaN ,NaN
"ds114-small/report/motion/motion_native_sub01_sessretest_taskrest.png" ,1.000000000000000 ,1.000000000000000 ,NaN ,NaN ,NaN ,NaN ,NaN ,NaN ,NaN ,NaN ,NaN ,NaN ,NaN ,NaN
"ds114-small/report/motion/motion_native_sub01_sesstest_taskrest.png" ,1.000000000000000 ,1.000000000000000 ,NaN ,NaN ,NaN ,NaN ,NaN ,NaN ,NaN ,NaN ,NaN ,NaN ,NaN ,NaN
"ds114-small/report/motion/motion_native_sub02_sessretest_taskrest.png" ,1.000000000000000 ,1.000000000000000 ,NaN ,NaN ,NaN ,NaN ,NaN ,NaN ,NaN ,NaN ,NaN ,NaN ,NaN ,NaN
"ds114-small/report/motion/motion_native_sub02_sesstest_taskrest.png" ,1.000000000000000 ,1.000000000000000 ,NaN ,NaN ,NaN ,NaN ,NaN ,NaN ,NaN ,NaN ,NaN ,NaN ,NaN ,NaN
"ds114-small/report/motion/motion_report_sub01_sessretest_taskrest.html" ,1.000000000000000 ,1.000000000000000 ,NaN ,NaN ,NaN ,NaN ,NaN ,NaN ,NaN ,NaN ,NaN ,NaN ,NaN ,NaN
"ds114-small/report/motion/motion_report_sub01_sesstest_taskrest.html" ,1.000000000000000 ,1.000000000000000 ,NaN ,NaN ,NaN ,NaN ,NaN ,NaN ,NaN ,NaN ,NaN ,NaN ,NaN ,NaN
"ds114-small/report/motion/motion_report_sub02_sessretest_taskrest.html" ,1.000000000000000 ,1.000000000000000 ,NaN ,NaN ,NaN ,NaN ,NaN ,NaN ,NaN ,NaN ,NaN ,NaN ,NaN ,NaN
"ds114-small/report/motion/motion_report_sub02_sesstest_taskrest.html" ,1.000000000000000 ,1.000000000000000 ,NaN ,NaN ,NaN ,NaN ,NaN ,NaN ,NaN ,NaN ,NaN ,NaN ,NaN ,NaN
"ds114-small/report/motion/motion_stereo_sub01_sessretest_taskrest.png" ,1.000000000000000 ,1.000000000000000 ,NaN ,NaN ,NaN ,NaN ,NaN ,NaN ,NaN ,NaN ,NaN ,NaN ,NaN ,NaN
"ds114-small/report/motion/motion_stereo_sub01_sesstest_taskrest.png" ,1.000000000000000 ,1.000000000000000 ,NaN ,NaN ,NaN ,NaN ,NaN ,NaN ,NaN ,NaN ,NaN ,NaN ,NaN ,NaN
"ds114-small/report/motion/motion_stereo_sub02_sessretest_taskrest.png" ,1.000000000000000 ,1.000000000000000 ,NaN ,NaN ,NaN ,NaN ,NaN ,NaN ,NaN ,NaN ,NaN ,NaN ,NaN ,NaN
"ds114-small/report/motion/motion_stereo_sub02_sesstest_taskrest.png" ,1.000000000000000 ,1.000000000000000 ,NaN ,NaN ,NaN ,NaN ,NaN ,NaN ,NaN ,NaN ,NaN ,NaN ,NaN ,NaN
"ds114-small/report/motion/target_native_sub01_sessretest_taskrest.png" ,1.000000000000000 ,1.000000000000000 ,NaN ,NaN ,NaN ,NaN ,NaN ,NaN ,NaN ,NaN ,NaN ,NaN ,NaN ,NaN
"ds114-small/report/motion/target_native_sub01_sesstest_taskrest.png" ,1.000000000000000 ,1.000000000000000 ,NaN ,NaN ,NaN ,NaN ,NaN ,NaN ,NaN ,NaN ,NaN ,NaN ,NaN ,NaN
"ds114-small/report/motion/target_native_sub02_sessretest_taskrest.png" ,1.000000000000000 ,1.000000000000000 ,NaN ,NaN ,NaN ,NaN ,NaN ,NaN ,NaN ,NaN ,NaN ,NaN ,NaN ,NaN
"ds114-small/report/motion/target_native_sub02_sesstest_taskrest.png" ,1.000000000000000 ,1.000000000000000 ,NaN ,NaN ,NaN ,NaN ,NaN ,NaN ,NaN ,NaN ,NaN ,NaN ,NaN ,NaN
"ds114-small/report/motion/target_stereo_sub01_sessretest_taskrest.png" ,1.000000000000000 ,1.000000000000000 ,NaN ,NaN ,NaN ,NaN ,NaN ,NaN ,NaN ,NaN ,NaN ,NaN ,NaN ,NaN
"ds114-small/report/motion/target_stereo_sub01_sesstest_taskrest.png" ,1.000000000000000 ,1.000000000000000 ,NaN ,NaN ,NaN ,NaN ,NaN ,NaN ,NaN ,NaN ,NaN ,NaN ,NaN ,NaN
"ds114-small/report/motion/target_stereo_sub02_sessretest_taskrest.png" ,1.000000000000000 ,1.000000000000000 ,NaN ,NaN ,NaN ,NaN ,NaN ,NaN ,NaN ,NaN ,NaN ,NaN ,NaN ,NaN
"ds114-small/report/motion/target_stereo_sub02_sesstest_taskrest.png" ,1.000000000000000 ,1.000000000000000 ,NaN ,NaN ,NaN ,NaN ,NaN ,NaN ,NaN ,NaN ,NaN ,NaN ,NaN ,NaN
"ds114-small/report/qc_registration.csv" ,1.000000000000000 ,1.000000000000000 ,1.000000000000000 ,1.000000000000000 ,NaN ,NaN ,1.000000000000000 ,NaN ,0.000000000000000 ,0.000000000000000 ,0.000000000000000 ,NaN ,NaN ,NaN
"ds114-small/report/registration.html" ,1.000000000000000 ,1.000000000000000 ,NaN ,NaN ,NaN ,NaN ,NaN ,NaN ,NaN ,NaN ,NaN ,NaN ,NaN ,NaN
"ds114-small/report/registration/sub01_anat.png" ,1.000000000000000 ,1.000000000000000 ,NaN ,NaN ,NaN ,NaN ,NaN ,NaN ,NaN ,NaN ,NaN ,NaN ,NaN ,NaN
"ds114-small/report/registration/sub01_anat_raw.png" ,1.000000000000000 ,1.000000000000000 ,NaN ,NaN ,NaN ,NaN ,NaN ,NaN ,NaN ,NaN ,NaN ,NaN ,NaN ,NaN
"ds114-small/report/registration/sub01_func.png" ,1.000000000000000 ,1.000000000000000 ,NaN ,NaN ,NaN ,NaN ,NaN ,NaN ,NaN ,NaN ,NaN ,NaN ,NaN ,NaN
"ds114-small/report/registration/sub02_anat.png" ,1.000000000000000 ,1.000000000000000 ,NaN ,NaN ,NaN ,NaN ,NaN ,NaN ,NaN ,NaN ,NaN ,NaN ,NaN ,NaN
"ds114-small/report/registration/sub02_anat_raw.png" ,1.000000000000000 ,1.000000000000000 ,NaN ,NaN ,NaN ,NaN ,NaN ,NaN ,NaN ,NaN ,NaN ,NaN ,NaN ,NaN
"ds114-small/report/registration/sub02_func.png" ,1.000000000000000 ,1.000000000000000 ,NaN ,NaN ,NaN ,NaN ,NaN ,NaN ,NaN ,NaN ,NaN ,NaN ,NaN ,NaN
"ds114-small/report/summary/chartBOLD.js" ,1.000000000000000 ,1.000000000000000 ,NaN ,NaN ,NaN ,NaN ,NaN ,NaN ,NaN ,NaN ,NaN ,NaN ,NaN ,NaN
"ds114-small/report/summary/chartBrain.js" ,1.000000000000000 ,1.000000000000000 ,NaN ,NaN ,NaN ,NaN ,NaN ,NaN ,NaN ,NaN ,NaN ,NaN ,NaN ,NaN
"ds114-small/report/summary/chartT1.js" ,1.000000000000000 ,1.000000000000000 ,NaN ,NaN ,NaN ,NaN ,NaN ,NaN ,NaN ,NaN ,NaN ,NaN ,NaN ,NaN
"ds114-small/report/summary/fd.js" ,1.000000000000000 ,1.000000000000000 ,NaN ,NaN ,NaN ,NaN ,NaN ,NaN ,NaN ,NaN ,NaN ,NaN ,NaN ,NaN
"ds114-small/report/summary/filesIn.js" ,1.000000000000000 ,1.000000000000000 ,NaN ,NaN ,NaN ,NaN ,NaN ,NaN ,NaN ,NaN ,NaN ,NaN ,NaN ,NaN
"ds114-small/report/summary/pipeSummary.js" ,1.000000000000000 ,1.000000000000000 ,NaN ,NaN ,NaN ,NaN ,NaN ,NaN ,NaN ,NaN ,NaN ,NaN ,NaN ,NaN
"ds114-small/resample/fmri_sub01_sessretest_taskrest_n.nii.gz" ,1.000000000000000 ,1.000000000000000 ,0.000000000000000 ,NaN ,NaN ,1.000000000000000 ,1.000000000000000 ,0.996381397703751 ,1460.540771484375000 ,0.000000000000000 ,11.375653266906738 ,0.999999642372131 ,-0.238747075200081 ,0.991999864578247
"ds114-small/resample/fmri_sub01_sessretest_taskrest_n_confounds.tsv.gz" ,1.000000000000000 ,1.000000000000000 ,NaN ,NaN ,NaN ,NaN ,NaN ,NaN ,NaN ,NaN ,NaN ,NaN ,NaN ,NaN
"ds114-small/resample/fmri_sub01_sessretest_taskrest_n_extra.mat" ,1.000000000000000 ,1.000000000000000 ,1.000000000000000 ,NaN ,1.000000000000000 ,NaN ,NaN ,NaN ,NaN ,NaN ,NaN ,NaN ,NaN ,NaN
"ds114-small/resample/fmri_sub01_sesstest_taskrest_n.nii.gz" ,1.000000000000000 ,1.000000000000000 ,0.000000000000000 ,NaN ,NaN ,1.000000000000000 ,1.000000000000000 ,0.996660221480049 ,1415.214599609375000 ,0.000000000000000 ,11.346689224243164 ,0.999999880790710 ,-0.712236404418945 ,0.991920232772827
"ds114-small/resample/fmri_sub01_sesstest_taskrest_n_confounds.tsv.gz" ,1.000000000000000 ,1.000000000000000 ,NaN ,NaN ,NaN ,NaN ,NaN ,NaN ,NaN ,NaN ,NaN ,NaN ,NaN ,NaN
"ds114-small/resample/fmri_sub01_sesstest_taskrest_n_extra.mat" ,1.000000000000000 ,1.000000000000000 ,1.000000000000000 ,NaN ,1.000000000000000 ,NaN ,NaN ,NaN ,NaN ,NaN ,NaN ,NaN ,NaN ,NaN
"ds114-small/resample/fmri_sub02_sessretest_taskrest_n.nii.gz" ,1.000000000000000 ,1.000000000000000 ,0.000000000000000 ,NaN ,NaN ,1.000000000000000 ,1.000000000000000 ,0.991496648852933 ,2241.038818359375000 ,0.000000000000000 ,32.162967681884766 ,0.999980151653290 ,-0.746837317943573 ,0.964701175689697
"ds114-small/resample/fmri_sub02_sessretest_taskrest_n_confounds.tsv.gz" ,1.000000000000000 ,1.000000000000000 ,NaN ,NaN ,NaN ,NaN ,NaN ,NaN ,NaN ,NaN ,NaN ,NaN ,NaN ,NaN
"ds114-small/resample/fmri_sub02_sessretest_taskrest_n_extra.mat" ,1.000000000000000 ,1.000000000000000 ,1.000000000000000 ,NaN ,1.000000000000000 ,NaN ,NaN ,NaN ,NaN ,NaN ,NaN ,NaN ,NaN ,NaN
"ds114-small/resample/fmri_sub02_sesstest_taskrest_n.nii.gz" ,1.000000000000000 ,1.000000000000000 ,0.000000000000000 ,NaN ,NaN ,1.000000000000000 ,1.000000000000000 ,0.991684240439120 ,1918.216918945312500 ,0.000000000000000 ,31.701637268066406 ,0.999953866004944 ,-0.462472826242447 ,0.972331345081329
"ds114-small/resample/fmri_sub02_sesstest_taskrest_n_confounds.tsv.gz" ,1.000000000000000 ,1.000000000000000 ,NaN ,NaN ,NaN ,NaN ,NaN ,NaN ,NaN ,NaN ,NaN ,NaN ,NaN ,NaN
"ds114-small/resample/fmri_sub02_sesstest_taskrest_n_extra.mat" ,1.000000000000000 ,1.000000000000000 ,1.000000000000000 ,NaN ,1.000000000000000 ,NaN ,NaN ,NaN ,NaN ,NaN ,NaN ,NaN ,NaN ,NaN
"ds114-small/resample/niak_confounds.json" ,1.000000000000000 ,1.000000000000000 ,NaN ,NaN ,NaN ,NaN ,NaN ,NaN ,NaN ,NaN ,NaN ,NaN ,NaN ,NaN
